{
  "Create a New User" : {
    "transaction" : "Create a New User",
    "sampleCount" : 10,
    "errorCount" : 0,
    "errorPct" : 0.0,
    "meanResTime" : 945.5999999999999,
    "medianResTime" : 675.5,
    "minResTime" : 337.0,
    "maxResTime" : 3195.0,
    "pct1ResTime" : 2998.6000000000004,
    "pct2ResTime" : 3195.0,
    "pct3ResTime" : 3195.0,
    "throughput" : 2.066115702479339,
    "receivedKBytesPerSec" : 2.884087680785124,
    "sentKBytesPerSec" : 0.7909349173553719
  },
  "Authorization" : {
    "transaction" : "Authorization",
    "sampleCount" : 10,
    "errorCount" : 0,
    "errorPct" : 0.0,
    "meanResTime" : 545.2,
    "medianResTime" : 265.5,
    "minResTime" : 224.0,
    "maxResTime" : 2914.0,
    "pct1ResTime" : 2658.500000000001,
    "pct2ResTime" : 2914.0,
    "pct3ResTime" : 2914.0,
    "throughput" : 2.9197080291970803,
    "receivedKBytesPerSec" : 47.89689781021898,
    "sentKBytesPerSec" : 0.578809306569343
  },
  "Update User By ID" : {
    "transaction" : "Update User By ID",
    "sampleCount" : 10,
    "errorCount" : 0,
    "errorPct" : 0.0,
    "meanResTime" : 811.4000000000001,
    "medianResTime" : 478.5,
    "minResTime" : 178.0,
    "maxResTime" : 2821.0,
    "pct1ResTime" : 2702.3,
    "pct2ResTime" : 2821.0,
    "pct3ResTime" : 2821.0,
    "throughput" : 2.5056376847907793,
    "receivedKBytesPerSec" : 3.35691830055124,
    "sentKBytesPerSec" : 0.9738708970182911
  },
  "Total" : {
    "transaction" : "Total",
    "sampleCount" : 60,
    "errorCount" : 0,
    "errorPct" : 0.0,
    "meanResTime" : 684.1500000000001,
    "medianResTime" : 368.0,
    "minResTime" : 149.0,
    "maxResTime" : 3195.0,
    "pct1ResTime" : 1603.5999999999995,
    "pct2ResTime" : 2874.2,
    "pct3ResTime" : 3195.0,
    "throughput" : 9.538950715421302,
    "receivedKBytesPerSec" : 38.87929749602544,
    "sentKBytesPerSec" : 2.8520593203497615
  },
  "Update Partially" : {
    "transaction" : "Update Partially",
    "sampleCount" : 10,
    "errorCount" : 0,
    "errorPct" : 0.0,
    "meanResTime" : 578.6,
    "medianResTime" : 256.0,
    "minResTime" : 154.0,
    "maxResTime" : 2877.0,
    "pct1ResTime" : 2661.4000000000005,
    "pct2ResTime" : 2877.0,
    "pct3ResTime" : 2877.0,
    "throughput" : 2.9815146094215863,
    "receivedKBytesPerSec" : 4.004954438729874,
    "sentKBytesPerSec" : 0.9753978458556947
  },
  "Get User Details By ID" : {
    "transaction" : "Get User Details By ID",
    "sampleCount" : 10,
    "errorCount" : 0,
    "errorPct" : 0.0,
    "meanResTime" : 800.8000000000001,
    "medianResTime" : 684.0,
    "minResTime" : 149.0,
    "maxResTime" : 2547.0,
    "pct1ResTime" : 2425.3,
    "pct2ResTime" : 2547.0,
    "pct3ResTime" : 2547.0,
    "throughput" : 2.6504108136761197,
    "receivedKBytesPerSec" : 3.549583388550225,
    "sentKBytesPerSec" : 0.6677792870394911
  },
  "Get User Details" : {
    "transaction" : "Get User Details",
    "sampleCount" : 10,
    "errorCount" : 0,
    "errorPct" : 0.0,
    "meanResTime" : 423.3,
    "medianResTime" : 336.0,
    "minResTime" : 178.0,
    "maxResTime" : 1018.0,
    "pct1ResTime" : 1002.9000000000001,
    "pct2ResTime" : 1018.0,
    "pct3ResTime" : 1018.0,
    "throughput" : 2.6574541589157588,
    "receivedKBytesPerSec" : 6.995021425724157,
    "sentKBytesPerSec" : 0.6513876893436088
  }
}